Barcode,TSNE-1,TSNE-2
AAACCTGAGTTACCCA-1,3.1805596646243597,1.1868277998753336
AAACCTGCAAGCTGAG-1,-4.737193055352055,19.853633251276992
AAACCTGGTTCAGGCC-1,26.891420715729204,1.8261749845659074
AAACCTGTCGGCCGAT-1,-9.00598274561112,-18.04088144038538
AAACGGGAGTACGCGA-1,-12.078686429841897,21.54413401177116
AAACGGGTCGCACTCT-1,6.482893855107168,12.68386356577005
AAAGATGAGAAGGCCT-1,26.328588288579613,-5.997487140860408
AAAGATGGTCATCGGC-1,21.555473121133957,3.4717256654295383
AAAGATGTCGCGGATC-1,23.78617783734013,0.0828363027855325
AAAGCAACAAACCTAC-1,1.48178033097666,-23.214785643120866
AAAGCAACAATAAGCA-1,-9.413160243391767,8.257770524031159
AAAGCAACATAAAGGT-1,10.489950142782446,15.345029789729706
AAAGCAAGTCTCCCTA-1,-14.036283263945606,15.61023974248332
AAAGTAGAGGTGCACA-1,-9.447823020780806,-0.9687141552781442
AAATGCCAGCTCTCGG-1,-4.283856870544515,-14.958332517532542
AAATGCCCAAGAGTCG-1,-13.26211978137443,9.614026848279291
AACACGTAGGTAAACT-1,-1.3046836375124908,-11.543656041458
AACCATGAGCAGGCTA-1,1.1910063962539115,-25.884077249528602
AACCATGAGGGAAACA-1,-14.38007094655379,-2.466409623580293
AACCATGTCTTACCTA-1,0.23528079486308878,-18.126992655425862
AACCGCGAGAATCTCC-1,10.22260324569185,18.76370777247368
AACCGCGAGCAAATCA-1,-0.9551784879129347,-5.167023939666677
AACGTTGGTAGGGACT-1,-2.7877279605797995,-14.63296592547009
AACGTTGTCAATCTCT-1,-0.7257420071829228,-16.59573187957343
AACTCAGCAAAGGCGT-1,-2.5285675184647514,-35.817451202385605
AACTCAGCAAGTTCTG-1,1.0850694833530927,-3.015493816064065
AACTCAGGTCTGATTG-1,9.010454780916008,3.37009415829119
AACTCAGTCGCACTCT-1,13.091921135945453,9.512249667273561
AACTCAGTCTTCGGTC-1,8.007761841643658,9.538160958725333
AACTCTTGTGCAGTAG-1,1.1422297645670139,-25.092645897493043
AACTCTTGTTCGTGAT-1,2.17309340374544,-36.217240030238024
AACTGGTAGACTAGGC-1,-10.177377354183836,1.8964271963900325
AACTGGTAGGCCCTCA-1,-18.167828905931692,14.586551085121789
AACTTTCAGTACGCGA-1,-5.058893905020277,-20.822272503044267
AACTTTCTCCAGATCA-1,-2.108799067660981,-10.087272240679294
AAGACCTAGTCGCCGT-1,8.251868121545492,16.26126911072145
AAGACCTAGTGACTCT-1,-3.0863237216417945,-3.0848250050374713
AAGACCTTCATCACCC-1,8.565885824620032,13.325609451221922
AAGCCGCCAAGTCTGT-1,-6.272459113216896,-6.642535708570349
AAGCCGCCACAGTCGC-1,-19.44316319873424,16.93323861304404
AAGCCGCCACGAAAGC-1,4.307864316466124,22.17146597241218
AAGGAGCCATATGAGA-1,26.75138579309873,-4.299359768293178
AAGTCTGAGACACTAA-1,13.548571999354197,-7.04394391041966
AAGTCTGAGGAATCGC-1,-3.6315858807619,4.522619269684879
AAGTCTGAGTGGACGT-1,-5.01498395006169,-13.941110999969158
AATCCAGAGTGGTAAT-1,-16.866235991267096,15.946260982350683
AATCCAGCACTTAAGC-1,-4.311213454255661,-10.314455090451997
AATCCAGCATGGGAAC-1,-2.138432179078272,-13.12924420494691
AATCCAGCATGGTAGG-1,-5.972753416576647,-8.609822608509067
AATCCAGTCCATTCTA-1,-1.9526950398718996,0.5004299020312122
AATCGGTGTCGAGTTT-1,-2.3674587943882845,20.224926527279628
ACACCCTCATTAACCG-1,13.273494025782934,10.792643124623737
ACACCCTTCTGTCTAT-1,3.922715893556843,10.861553005337816
ACACCCTTCTGTTGAG-1,-10.200327264509733,21.41513254416522
ACACCGGAGAAGATTC-1,0.979307850062068,-3.0264884860276253
ACACCGGAGCGTCTAT-1,-8.967278249661577,-8.36974574517061
ACACCGGGTCTTTCAT-1,3.134400088018131,-15.499656087645514
ACACCGGGTGTATGGG-1,-10.825221213917025,20.570076515793076
ACACTGAAGCGATCCC-1,-11.075423558923807,24.96849118695908
ACACTGAAGCTGCGAA-1,-10.158715420772866,10.910760663823357
ACACTGAAGTCTCGGC-1,-6.023692872688803,-23.19559124900782
ACACTGACAAGAAAGG-1,-14.572205824774894,17.997256857738417
ACACTGAGTAGAAAGG-1,-15.53091665676484,16.408165469143956
ACACTGAGTTCCCTTG-1,28.66899964066805,-1.7942465675722288
ACAGCCGAGCGTTCCG-1,7.50125443878326,19.98686397199597
ACAGCCGAGGCAGTCA-1,-7.323779533860083,10.253489390129722
ACAGCCGCACACAGAG-1,-7.270352303949538,19.62755396404963
ACAGCCGCATCACGTA-1,1.1390375135814672,-33.30061006012775
ACAGCCGTCAACGGCC-1,-9.181061589220194,-10.00307919074283
ACAGCTAAGTGGTAAT-1,-7.887646280677709,17.378275053858037
ACAGCTAGTGATAAAC-1,-13.911830107367189,12.572999243614529
ACATACGCAATCGAAA-1,2.778021198690055,-15.232866903587984
ACATACGGTCGATTGT-1,-0.3868014673124496,8.119826979438379
ACATACGTCGTTGCCT-1,-12.105070705544994,14.305538136485797
ACATACGTCTTACCTA-1,27.582158274546977,-5.911000451614045
ACATCAGAGAGCTGGT-1,2.281022346411192,8.729398833823721
ACATGGTGTTCAGACT-1,29.21093587467886,0.19734223536454784
ACATGGTTCTTCAACT-1,1.660560570961622,-6.489516706820554
ACATGGTTCTTGAGGT-1,6.184909861157206,2.5592355910412783
ACCAGTACAACTGCGC-1,10.68378477913487,9.358779373825882
ACCAGTATCCGAAGAG-1,1.744376882262777,17.04482923241669
ACCAGTATCTGGAGCC-1,-2.0334322670498906,-15.782628007223645
ACCAGTATCTTGCCGT-1,3.4552525653394808,-6.097631640183787
ACCCACTCATACTCTT-1,7.856406403151107,-0.08323948789454964
ACCGTAAAGACCTAGG-1,-1.0241587541258639,-2.787089479480873
ACCGTAACAAGCGCTC-1,-6.711353837388883,-22.286742219968712
ACCGTAATCCGCTGTT-1,2.3821454960369723,15.655380926087142
ACCTTTAAGAATAGGG-1,-0.8076514856180226,-35.46940837377783
ACGAGCCCATACGCCG-1,-14.213298421284717,14.1237244664492
ACGAGGAAGTGGTAAT-1,-4.7009855823520565,-14.915287526333218
ACGAGGACAACAACCT-1,4.543251395271725,21.06581093833902
ACGAGGAGTAGCGATG-1,-13.089806300413205,0.7049570956700161
ACGAGGATCACCACCT-1,7.704407774148402,4.595229698419755
ACGAGGATCCTGCAGG-1,-10.530061178180992,20.13502312056039
ACGATACAGAGCCTAG-1,-1.6533715609417632,6.475839325292083
ACGATACCACCAGTTA-1,10.848318003479898,18.29853571743389
ACGATACTCCTAAGTG-1,-19.066318218520124,16.72700958860267
ACGATGTAGATTACCC-1,-11.478554226961041,19.327093738989184
ACGATGTAGTACATGA-1,10.431196609865363,8.601167269735273
ACGATGTAGTTTGCGT-1,-9.582355214738815,-10.336488719604041
ACGATGTCATGAACCT-1,-9.442182214878759,7.818819759966157
ACGATGTCATTCGACA-1,27.283010647968094,-0.3928621111893579
ACGCAGCAGTGGTAGC-1,0.6768126292388879,-36.98350213581326
ACGCAGCTCCCTCAGT-1,2.751414376529907,-15.423976705297859
ACGCCAGAGAAGGGTA-1,-8.732188508824587,-15.153913792597208
ACGCCAGAGTACTTGC-1,-6.282794744413583,-8.116901496820727
ACGCCAGCACGTAAGG-1,-5.58299479801566,5.235663218155842
ACGCCAGCACTGCCAG-1,-3.5923281789752832,-33.543321043341585
ACGCCAGGTTTGTTGG-1,-4.018915499918011,17.166127934019148
ACGCCGAAGCCAGGAT-1,-12.280764216538241,1.2702124355623916
ACGCCGATCACATAGC-1,2.164354784352552,-17.604948498371755
ACGGAGACACAACGCC-1,1.5719901963430334,17.513290459338187
ACGGGCTGTCCAAGTT-1,-10.892654855511724,0.6785998523038613
ACGGGCTGTTGAGTTC-1,25.061055688616857,0.2670833091313303
ACGGGCTTCAACCAAC-1,-17.033010183888013,18.037299553326914
ACGGGTCAGACAGACC-1,-4.188750841323801,-13.993059422569011
ACGGGTCAGATGTAAC-1,1.2499585914812517,17.56246651064806
ACGGGTCGTTCAGACT-1,-7.800031645624208,-13.495735249787971
ACGTCAACACAGACTT-1,-4.2690540562807,-21.66239128867795
ACGTCAACAGAGTGTG-1,-12.34699938351321,17.93676531803214
ACGTCAAGTCACACGC-1,-10.709588790688294,-9.461884314312217
ACGTCAATCAAACCGT-1,2.266455905973611,14.72965961625032
ACTATCTCAGATGAGC-1,-1.4803389054322504,-33.66069941202135
ACTATCTGTTCTGGTA-1,21.455600218533945,3.921972283487724
ACTGAGTAGGGCTTCC-1,-7.4083589548148145,-21.627634386444253
ACTGAGTCACATTTCT-1,13.427820418750752,3.6078307494420736
ACTGATGAGCTAGTGG-1,2.445088696278277,-37.241868790555216
ACTGCTCAGATGGCGT-1,-10.420332898284583,18.961691370452325
ACTGCTCAGTGTTTGC-1,-1.6584702930667903,6.154533494468966
ACTGCTCCATGAACCT-1,-9.928692801292266,-0.7685430410383703
ACTGCTCTCATGCATG-1,29.601117912604497,-1.5625849397774303
ACTGCTCTCCAGTAGT-1,2.2644865211995033,-9.631114697971094
ACTGTCCAGGAATGGA-1,3.64506509339215,-7.6106180403406
ACTGTCCTCCAGAGGA-1,12.81660073512256,0.40178962472328883
ACTGTCCTCGCCATAA-1,12.396726986699264,7.546149399938276
ACTTACTGTGATAAGT-1,3.924032023208281,1.2897185387877828
ACTTACTTCTGATTCT-1,28.88785939603094,-1.8374766719980047
ACTTGTTAGTGGAGTC-1,-11.034893886868394,-0.9742251372994243
ACTTGTTGTTACAGAA-1,-4.685992336644186,14.866089570590685
ACTTTCACAGATCTGT-1,-16.558700403947064,17.466615180654284
ACTTTCATCCCGACTT-1,3.8711060410164926,21.48794181831394
AGAATAGAGTGGGTTG-1,-5.791810628501385,10.983812870665995
AGACGTTGTCAATGTC-1,-0.4711565732615664,8.737521418642459
AGACGTTGTGGCTCCA-1,-11.444505016557741,16.98743512836387
AGACGTTTCATTTGGG-1,26.412164528757348,-0.9136757025119053
AGAGCGATCTCGTTTA-1,-2.319271346884802,21.972080797660038
AGAGCTTAGATGCCTT-1,-10.09001183147061,22.093162372417193
AGAGCTTGTGTATGGG-1,-4.050475092561313,-37.22663643335682
AGAGCTTTCGTGGACC-1,-16.419469425948922,20.25069906810892
AGAGCTTTCTGGCGAC-1,-2.2271527912159823,-35.23057274134476
AGAGTGGCAGGTGCCT-1,-5.415714649489054,22.05235073277977
AGAGTGGTCCGTTGCT-1,-11.342553411367971,16.860584727256754
AGATCTGAGAATAGGG-1,25.66318221474735,-5.478566339957195
AGATCTGAGTCATCCA-1,-9.572739143422087,-16.11676290667978
AGATTGCCACATCCGG-1,-1.7154824314892958,-22.24543105700632
AGATTGCGTCGCCATG-1,-18.39613510323886,16.43883613613259
AGCAGCCGTGAGTATA-1,-2.869578203803651,-16.63177392715953
AGCAGCCGTTACCGAT-1,-2.258208603690736,-17.71701345842415
AGCAGCCGTTTCCACC-1,-11.563491943927042,0.3352830177143373
AGCAGCCTCAGAGGTG-1,1.0986878684116228,-17.465460787269702
AGCATACAGCCACCTG-1,0.5721379536558938,-36.053341308963496
AGCATACGTCTGCAAT-1,-2.3720100733036715,-2.0177006788733016
AGCCTAAGTCACCCAG-1,1.719798983861116,0.8100503242447142
AGCCTAAGTTACAGAA-1,-3.0929328266057476,-20.061755432362048
AGCGGTCGTAACGCGA-1,-18.748876093549676,15.02709628223939
AGCGTCGAGCGATATA-1,-12.182870515631336,25.266757632400083
AGCGTCGCACACATGT-1,-11.048298894704335,25.232975250500335
AGCTCCTAGTAACCCT-1,2.0078698453721375,-16.82643668583283
AGCTCCTTCCAAACTG-1,14.387502947676301,9.33191097540399
AGCTCTCTCTGTCTCG-1,-1.3871167794569863,12.422403092670333
AGCTTGAAGGGAAACA-1,-0.14120720412274132,21.267295265181346
AGCTTGAGTACCGTTA-1,25.300261729088994,-4.250786181800898
AGCTTGAGTCTACCTC-1,6.867181862140061,1.2784034436225358
AGGCCACAGAGAACAG-1,-10.203699005687453,1.9378622297133186
AGGCCACAGTTAACGA-1,-4.059578961971879,4.025510453101429
AGGCCACGTCTAGTCA-1,12.011829542391986,7.677344592228056
AGGGAGTCAATGGTCT-1,-8.108222523942288,-16.78845136036867
AGGGAGTCACGTCAGC-1,0.43780384065014166,6.705024036537345
AGGGAGTGTTGAGTTC-1,26.178122556677405,-5.376262143423011
AGGGATGAGCTGGAAC-1,-2.5541417784085985,-35.27689610584457
AGGGATGGTCGAGTTT-1,-10.528818429265597,-13.008404928808165
AGGGATGGTCGCATAT-1,-5.819442772151416,22.465163860664106
AGGGATGTCACCAGGC-1,-13.388152750652704,12.555897933295991
AGGGATGTCCCTTGCA-1,-2.2144596368384635,-16.128112446088863
AGGGATGTCTTGAGAC-1,2.7116401728980244,3.360865527006932
AGGGTGAAGGACAGCT-1,-5.213465793664298,-10.757107042035532
AGGGTGAGTACAGCAG-1,0.4967347791442874,-15.31620820555678
AGGGTGAGTCTCATCC-1,-10.660435474421554,-1.3686835383394471
AGGGTGAGTGCAGACA-1,-9.513386224402442,13.586860820388177
AGGGTGATCACAATGC-1,3.7532268388106877,20.57016839791178
AGGGTGATCCTATGTT-1,24.807827915117375,-4.313375473522018
AGGTCATCAAGTAATG-1,-1.6507741998846812,16.220462283939156
AGGTCATCATGGTAGG-1,14.756048378394288,10.640374957338846
AGGTCATGTTTGGCGC-1,-8.865566368046068,10.096985926678117
AGGTCATTCTGGAGCC-1,-13.903658188223286,18.162127294074462
AGGTCCGAGGCATTGG-1,-1.5399105133710156,-35.97732920141447
AGGTCCGCATGGTTGT-1,-5.167995128271689,-14.045735611442028
AGGTCCGGTCAACATC-1,14.725054650719699,10.366738713868717
AGTAGTCAGACTAGAT-1,-19.11113459209695,19.074963901315837
AGTAGTCAGTCCATAC-1,-9.074430229156029,15.045412044624541
AGTAGTCTCCATGCTC-1,-1.7440455613330357,-36.56515232685793
AGTCTTTAGTTGAGAT-1,0.5654444240499894,-1.2521142033271488
AGTCTTTGTTTGGCGC-1,-0.06985192681830908,13.826326596542597
AGTCTTTTCCTTGCCA-1,-0.32796362410536334,19.779646138826408
AGTGAGGAGATGTGTA-1,4.534265529578393,16.17683967783673
AGTGAGGAGGAGCGTT-1,-8.222270423849226,24.01389629132847
AGTGAGGCACCACGTG-1,-2.1963858333924726,-10.816669684911849
AGTGAGGGTTCGTGAT-1,27.948851171031798,-5.193698544745106
AGTGAGGTCCACGAAT-1,3.0049734177401586,17.67110528559288
AGTGGGAAGAGATGAG-1,0.06937738496163896,17.141335086683643
AGTGGGATCATCGATG-1,-5.095245371791069,-22.16543368892126
AGTGTCAAGTGGGTTG-1,-12.923768877404571,-9.416760394943909
AGTGTCAAGTTAACGA-1,-3.413537925998192,-2.160892786288357
AGTGTCACACGAGGTA-1,-11.704070366959964,20.73571598851658
AGTGTCAGTTCGTGAT-1,-3.8348191189381744,-35.3993188553206
AGTGTCAGTTGGTAAA-1,-6.331747361122757,-9.905609974774519
AGTGTCATCTTGCATT-1,-16.05420957675578,17.341545651704127
AGTTGGTAGCGTCTAT-1,-11.173696764884825,22.817605476994796
AGTTGGTCATCCAACA-1,3.8439675364431296,-38.91069944580309
AGTTGGTGTTTCGCTC-1,26.07615410776078,-5.599100833388864
ATAACGCGTAAACACA-1,-7.294195789674729,-19.389520266522727
ATAACGCGTTGTTTGG-1,1.5392974558573296,8.535116080156023
ATAGACCCAGCGTCCA-1,24.281734763052363,-3.7533512396502298
ATAGACCTCGTTTGCC-1,-2.431015076412334,14.029574043707454
ATAGACCTCTTTAGGG-1,2.6034664998392785,-1.974985642326222
ATCACGAAGATGTCGG-1,27.586607726311772,-6.629313319788281
ATCACGAAGGCGTACA-1,-9.04911463474041,13.060324709034072
ATCACGAGTGCTTCTC-1,7.018090081296483,10.904094410628794
ATCATCTTCACGAAGG-1,-18.99569233725633,16.223907658705976
ATCATGGGTTGCGTTA-1,-5.499371590250007,4.6604867457138415
ATCCACCAGTTGTCGT-1,-11.078175338770606,0.22214863833897033
ATCCGAAAGTGGCACA-1,-5.182125234181628,-1.8122004408591532
ATCCGAAGTGCACTTA-1,1.3532861010469366,-36.13750580700413
ATCGAGTAGTTAAGTG-1,-1.8184877412908311,-36.46258793461283
ATCGAGTCAGCTCGCA-1,26.014140448272354,-4.6265715938012715
ATCTACTCACATCCAA-1,2.7715672867011207,-15.918562469456958
ATCTACTCACGGCCAT-1,-1.5289798785931945,-19.144944066919226
ATCTACTTCATGTCTT-1,3.8502473594687765,-36.74362994072534
ATCTACTTCTGCCAGG-1,2.6221910554600627,-5.920892949883074
ATCTGCCAGTACGATA-1,5.923245655682334,11.519353249069972
ATCTGCCGTCAAACTC-1,3.384797138913108,-23.313838249247176
ATCTGCCTCCTTTCGG-1,-2.878925730904026,-0.9690564552820328
ATGAGGGTCAGTCCCT-1,-14.051639254260015,15.038843497025153
ATGCGATGTGACGGTA-1,1.6869522806989923,23.403739978544742
ATGCGATTCAACCATG-1,5.733725513539044,-3.8435491087021116
ATGGGAGAGGTGATTA-1,4.73256649485497,17.316175283916394
ATGGGAGAGTGTCCCG-1,-10.571895493758486,26.2210528556227
ATGGGAGCACCTGGTG-1,25.371795494446328,-5.824634193762188
ATTACTCAGCGATTCT-1,11.189905922564327,7.480370195588558
ATTACTCAGCGGATCA-1,1.104550810077155,-26.27474219951019
ATTACTCTCCCAAGTA-1,23.14304735933392,-4.302135532450763
ATTCTACAGGCAAAGA-1,-6.299073479939379,-15.789421412239044
ATTCTACCAAACGCGA-1,-1.8820915778433498,-8.717517760896802
ATTGGACAGGAGCGAG-1,-12.763427943159986,22.335288367154142
ATTGGACGTCTAAAGA-1,-6.461260205559568,-19.055814406334754
ATTGGACGTGAGCGAT-1,-6.987237708706322,2.6528418194084056
ATTGGACGTTTGGCGC-1,-3.441537209532811,-24.48776267059025
ATTGGTGAGAAACCAT-1,-9.579549209438264,-13.56538473238615
ATTTCTGTCGTCCAGG-1,-6.0999628231065754,20.95335017924791
ATTTCTGTCTGCAGTA-1,0.5116986075010197,-4.092797976389767
CAACCAAAGAACAATC-1,1.9523426309368839,6.611964446850514
CAACCAAAGCAGATCG-1,4.370174849962294,15.171532537653006
CAACCTCAGAAGGTGA-1,4.049202206214895,-38.42264506237055
CAACCTCAGTGGAGAA-1,-0.6174515945102178,5.526782593811199
CAACCTCCAGTTAACC-1,6.263687676676881,-4.150959583552495
CAACCTCGTCTCACCT-1,2.689802536563252,-21.859315454118157
CAACCTCGTGGTCTCG-1,-1.8377117692170952,-20.329431437142762
CAACTAGAGGTGCAAC-1,-1.1901457323621218,7.56086951958701
CAACTAGTCGTTTAGG-1,-9.921411121488356,23.302863612085204
CAAGAAAAGTCACGCC-1,-7.649277673219403,24.324889008973397
CAAGAAACAACTGCTA-1,1.0917132690917752,20.184085843302313
CAAGAAAGTTACCAGT-1,-9.2223630575282,18.409177784886765
CAAGATCAGTGCAAGC-1,5.494602508401741,10.883503300997596
CAAGATCGTGGCTCCA-1,3.8187383657428495,-35.8642994697275
CAAGATCTCACAAACC-1,-1.276553842687708,16.000038242380995
CAAGGCCCATCACCCT-1,-9.10556164573817,-18.238399208686854
CAAGGCCTCTAGCACA-1,21.634239666208963,3.1493215396467686
CAAGTTGGTACAGTTC-1,-5.666859506912593,7.774477751523225
CAAGTTGGTTAGGGTG-1,-2.399559548376539,-32.413162771717204
CACAAACCAAACTGCT-1,5.65631336562662,-3.325557685642844
CACAAACCAGCTCCGA-1,5.696434517281625,18.221486018698187
CACACAATCTCTTATG-1,-4.804870570147594,0.5643629108628444
CACACCTCACTAGTAC-1,3.1959100237839073,-21.47696940430349
CACACCTGTATATGAG-1,-10.345915846411655,0.8643366677992014
CACACCTGTCATGCCG-1,0.38103732433172466,-1.6062713846206853
CACACTCGTAGCGTCC-1,-13.617257677543643,15.152479122710723
CACACTCGTTATCGGT-1,13.166100267385344,8.323832539351255
CACACTCGTTCGCGAC-1,-1.3668220020553106,-18.1499137091571
CACACTCGTTCGGCAC-1,-13.029348561441433,-9.321700600251019
CACAGGCAGAAAGTGG-1,6.119255683351913,10.802201614300902
CACAGGCAGTGCGATG-1,-11.140191363528064,-2.1460123637608266
CACAGGCGTGTGCCTG-1,-9.648932658190907,14.20072928022436
CACAGGCTCCGCGGTA-1,3.823484058275604,2.155790065395554
CACATAGTCCCAACGG-1,-0.8334415464672081,-4.262810954756327
CACATTTTCCCTAATT-1,-0.5858975460371132,14.57156426932296
CACCACTAGAAACGAG-1,-2.8788197745096205,-21.524372316723078
CACCACTAGAACTGTA-1,6.007282858730237,-0.7146997486113313
CACCACTTCACTCCTG-1,10.675334881134797,7.001096028207495
CACCACTTCTCTGCTG-1,12.234509320444698,4.440054666106188
CACCAGGCACGCCAGT-1,10.24978942207155,-1.2670834011635066
CACCAGGTCTCGGACG-1,1.7127428316307756,-17.04662540054681
CACCTTGCACGACGAA-1,8.745271667785584,-0.5386248720303355
CACCTTGCAGGTCGTC-1,27.539476690819342,-2.0538842049621193
CACCTTGGTGCACTTA-1,14.68621429282616,6.2067155882939735
CACTCCAAGTCGAGTG-1,-6.190136594669718,23.278788571435804
CACTCCATCATGTCTT-1,28.399177517334486,-1.5866691433718725
CAGAATCGTTACGCGC-1,8.679496792707482,14.220890165879004
CAGAGAGAGTGTTGAA-1,-2.6610265858959274,-35.50443462405686
CAGCAGCGTGAAAGAG-1,-7.301415721507643,17.916049645667314
CAGCAGCTCGCGGATC-1,-4.09531876178003,11.075518027456411
CAGCATACACGCTTTC-1,3.372848785529091,-36.15187485809095
CAGCATAGTAAGTTCC-1,0.8824718807025477,-36.64926676220221
CAGCATAGTCAGAAGC-1,5.810460195229509,10.885292295380191
CAGCATATCTTCAACT-1,10.937904020410542,9.164037123827663
CAGCCGAAGAGTACCG-1,0.47111653479345045,12.24381176949897
CAGCCGACACGAAGCA-1,-5.837535457075317,-22.82069816507791
CAGCCGAGTCTTCAAG-1,-9.916960006060988,0.025841124905546586
CAGCCGATCGCACTCT-1,-6.068537255463048,5.242806530955181
CAGCGACAGGGTGTTG-1,6.818815585636934,1.2609847596405077
CAGCGACTCGAACGGA-1,-1.8085203958818636,-5.352193302960425
CAGCTAAAGCTAGCCC-1,-10.131628860379909,-11.854320560338884
CAGCTAACACTGCCAG-1,-3.616657137813976,-7.89383433039792
CAGCTAAGTAAACGCG-1,3.1982867839768043,21.844264425255005
CAGCTAAGTGCAGTAG-1,26.735396357724404,1.4175931791815142
CAGCTAATCGTTACGA-1,2.519026296727168,-36.38502276198063
CAGCTGGGTGTAACGG-1,-1.0845253810812963,-23.174320058900918
CAGCTGGTCGTACGGC-1,-11.948864905768005,19.72688585648525
CAGGTGCCAGTCGATT-1,-1.410924405404817,18.15037583617259
CAGGTGCCATTTCACT-1,-1.3906048596704284,-3.579100293439102
CAGTAACAGAGGTACC-1,-6.053251677417641,17.783401013268147
CAGTCCTCACTGCCAG-1,-9.867466696654898,-0.37661868916816404
CATATGGAGTATTGGA-1,-16.10429075998066,20.30804479063025
CATATGGCAAGCCTAT-1,-14.961900322498337,13.54364138077498
CATATGGCACGCTTTC-1,7.591366112995466,16.72332178541367
CATATGGTCCACGTGG-1,-2.3624475096246904,-20.090953911549803
CATATGGTCCTTTCTC-1,9.590711096761146,14.831625778111706
CATATGGTCTGAGTGT-1,1.1072794954589127,-38.46160588996774
CATATTCAGCCCAATT-1,-8.531567261476876,-18.062823895018994
CATATTCTCCTGCCAT-1,-5.094879045721061,-11.28915239223857
CATCAAGAGGCGACAT-1,-2.395580442644972,5.478562307598988
CATCAAGTCATGCTCC-1,7.306850529123485,1.6704830356178346
CATCAGACACCGAAAG-1,-18.09973815129053,18.263808973740964
CATCAGAGTCAGCTAT-1,-0.8478504316381436,-5.541055831289832
CATCAGATCCCAAGTA-1,-0.4913791828233689,-23.665446520410285
CATCGAAGTTACGCGC-1,-9.441804174983368,9.089623269605655
CATCGAATCTCGCATC-1,2.2038894012128063,8.501438984374424
CATCGGGCAACACCTA-1,-16.78104811039967,19.50810092154453
CATCGGGCAAGTAGTA-1,-17.994334680042744,14.211668529221624
CATCGGGGTCTCTCTG-1,-14.460435088987625,12.207990062571975
CATGACATCCGATATG-1,2.799513267940044,-4.121661387968628
CATGCCTAGTGTGGCA-1,-3.9639955340127115,-15.952089170545817
CATGCCTCATAAAGGT-1,-8.775670829301747,-22.26567389236882
CATGCCTTCAGCACAT-1,3.789840674993865,-1.39523613409742
CATGGCGAGTCGTACT-1,25.179949076495387,0.3700652612948394
CATGGCGTCAATCTCT-1,28.433219933214417,-5.39368205990748
CATTATCCACGGTAAG-1,-18.83923110757471,15.699291738893448
CATTATCCATGGATGG-1,-7.714000020710935,-20.184149773696152
CATTATCGTTCCCGAG-1,-6.322514123639831,-0.8999945316380363
CATTATCTCTGAGTGT-1,-4.857646940575258,5.820655087074797
CATTCGCGTCCAGTAT-1,-4.9723129904569845,-23.212569579205972
CATTCGCGTTAAAGTG-1,-2.327944856508582,-16.68817028814136
CATTCGCTCAATCTCT-1,3.0167093753487824,-8.969131203109267
CATTCGCTCCCTAACC-1,-4.75485698100566,12.488961277818012
CCAATCCCACAGGAGT-1,-9.143130726648824,24.46448973307114
CCAATCCCAGCCACCA-1,6.5730576654654165,16.896972718746234
CCAATCCCAGGTGCCT-1,2.8995267933743514,21.686471328092203
CCAATCCTCATGCATG-1,-7.138131211367791,-19.582560104582765
CCACCTAAGCATCATC-1,8.119213759420148,0.13995713293040762
CCACCTACATTAGCCA-1,12.914170124059991,6.812854152427531
CCACCTAGTGGTAACG-1,11.115877743263578,17.800601497873554
CCACCTAGTTAAGATG-1,10.782662052631169,2.8483498675181744
CCACGGATCATTGCGA-1,1.5674770643617355,-3.2304998613385374
CCACTACAGCTGCAAG-1,4.416927484611855,-37.84630469381593
CCACTACTCAGGTTCA-1,3.3995997543112058,11.152293992543669
CCAGCGACATGTAGTC-1,-3.950194653535896,-34.537503677560544
CCATGTCAGCGTTCCG-1,-1.5237353958278386,-32.851013289004996
CCATGTCCAGACGCCT-1,26.186703554157948,-4.2291098249155965
CCATGTCGTGAGGGTT-1,-2.404524002906548,22.119869016129286
CCCAATCCAAACTGTC-1,0.35619473591331446,1.9124171246559962
CCCAATCCACCGTTGG-1,-11.022146596873664,1.3809599683434044
CCCAGTTGTACAGTGG-1,27.93445077388297,-0.853491322510106
CCCATACTCCCAGGTG-1,-11.186990468049363,-13.932190659822774
CCCTCCTAGATAGGAG-1,2.074807113812884,-20.71471191277051
CCCTCCTCAGCTGTGC-1,10.322536661853455,-2.389826814897714
CCGGGATCAAACCCAT-1,-2.5916934430315215,17.167749308755017
CCGGTAGAGTTACCCA-1,27.064671268197145,-6.08422251359409
CCGGTAGCACCAGATT-1,9.960184667061245,12.471049205768205
CCGGTAGGTAGCGTGA-1,7.070865519253585,-1.0050584146084673
CCGGTAGGTATCTGCA-1,4.758154512336316,15.079179402490698
CCGGTAGGTGGGTCAA-1,-0.7864167136791413,3.056688927326501
CCGTACTGTTGACGTT-1,-8.678289749302786,-2.5385421537503476
CCGTGGAGTCAAACTC-1,-15.414765155515989,18.149557008947298
CCGTGGAGTTAGATGA-1,-9.261814315953202,-12.803656828421715
CCGTTCAAGAAAGTGG-1,5.584072613062253,22.397932612716396
CCGTTCAAGAGCTATA-1,1.2921494167665752,-2.2914102991763485
CCGTTCATCAGAGACG-1,-10.577840473485807,7.046141821549099
CCTACACAGAATTGTG-1,-4.958984268068118,-20.498257078737513
CCTACACAGGCGTACA-1,1.4702338889899995,-32.896365963634125
CCTACACCAGTCTTCC-1,10.491997396477496,6.523977862682886
CCTACACGTCAAAGAT-1,1.1432853054693992,15.416840651371656
CCTACACTCACAGGCC-1,-1.4015648054098095,-23.301011882559873
CCTACACTCCCGACTT-1,0.4789716741394246,-20.902946920070647
CCTACCAAGAATTCCC-1,1.7876736532405675,-36.919912115147824
CCTACCAAGACTGGGT-1,-7.837271471872009,-16.096660651977203
CCTACCAAGAGAGCTC-1,-9.484602662234838,-1.1794020885639203
CCTACCAGTAGCGTCC-1,-5.155404821915452,9.217264803192316
CCTACCAGTTTGACTG-1,-5.171785790327345,3.8185032331246305
CCTAGCTAGCTGTCTA-1,0.7354415198443089,15.401930361353807
CCTAGCTGTAAAGTCA-1,3.2137904501980876,-8.001623589633255
CCTAGCTGTACGACCC-1,-13.073168015407253,11.06002203052198
CCTAGCTGTGTGTGCC-1,-8.585368573878688,-18.43684477029313
CCTATTACAATCACAC-1,-5.5961518312841045,-9.62497328311876
CCTATTAGTACGAAAT-1,-9.023148562107492,24.78182887404904
CCTATTAGTGCTGTAT-1,-7.223345232822166,22.92140901182778
CCTATTATCCATGCTC-1,1.0805074278864502,-25.101965521952682
CCTCAGTAGAAAGTGG-1,1.0597295576012609,19.883000032986306
CCTCAGTAGATCACGG-1,3.509520735489941,-8.389862473212263
CCTCAGTAGCGTAATA-1,5.362171850397333,0.708008064961938
CCTCAGTAGGTGACCA-1,12.263434509320431,8.921838618851561
CCTCAGTAGTATTGGA-1,-7.270913461163502,-19.814686884842168
CCTCAGTCACGAGGTA-1,2.1906741328613,-16.338324483634164
CCTCTGAGTCGAGTTT-1,-2.102842816536254,16.445678854602818
CCTCTGATCTCTTATG-1,11.372881566773296,0.36716909017137556
CCTTACGCACTGAAGG-1,26.53088230921156,-5.56616590813633
CCTTACGTCACCGGGT-1,9.477606061599579,20.23833748375573
CCTTCCCGTGCGATAG-1,16.876955004366483,6.981803525466559
CCTTCCCTCAGCACAT-1,9.846922022095262,-2.124532648729444
CCTTCCCTCATAACCG-1,12.093419877398993,0.15345382315169487
CCTTTCTAGATATGCA-1,11.022335871110213,2.6897345736705045
CCTTTCTCAAGTAGTA-1,1.2154059677693978,-24.91323549292146
CCTTTCTTCAAGGCTT-1,8.392445477070607,0.04848408387716182
CCTTTCTTCAATCTCT-1,13.59963711150088,5.689363041693045
CGAACATAGTGGTCCC-1,2.1606988402635343,14.194903494266661
CGAATGTGTGAAAGAG-1,28.959437869516115,0.08766989656469738
CGAATGTTCTCGAGTA-1,-1.364160632538246,-21.64367903343734
CGACCTTCAAGCGCTC-1,-13.164689379427038,4.423751199432672
CGACCTTCACTGTGTA-1,8.012371877205418,16.30849795591763
CGACCTTTCGTAGGAG-1,7.914401856612065,2.599437930211572
CGACTTCGTAGATTAG-1,-2.4392092548973845,20.253947578706143
CGACTTCTCTGTCTCG-1,12.938031412839853,7.562270440618217
CGAGAAGGTCTAGTCA-1,-7.459374648524915,-17.419939011825107
CGAGCACAGTGTGGCA-1,12.285722056393887,4.901946776731433
CGAGCACCAAGAAAGG-1,4.454646766436242,22.55222821935662
CGAGCCAAGTCAAGGC-1,1.9911157583536554,-38.311422714123694
CGAGCCAGTTAGATGA-1,9.942961143673697,19.045127573103006
CGATCGGCAGTCACTA-1,-1.401476949124328,12.216259520710276
CGATCGGTCCACGTGG-1,-11.902341863196265,6.77005839403533
CGATGGCCAGCTATTG-1,-12.130687861339004,1.332601729146063
CGATGTAGTAAGAGAG-1,-2.9158049238806134,-36.481667784230275
CGATTGAAGAGGTTGC-1,6.652206149520322,12.374114555144391
CGATTGAAGTTAGCGG-1,7.266692566011664,16.66325494223758
CGATTGACAATCACAC-1,2.3158354026427097,-18.614052744200865
CGCCAAGAGTGGCACA-1,1.116515234059485,21.059383633543
CGCCAAGAGTTATCGC-1,26.76009559833993,-4.908910114543814
CGCCAAGCACATTAGC-1,3.465976748852522,7.754325165964739
CGCCAAGCACTTACGA-1,0.3609045162688293,-35.92913724748709
CGCCAAGGTAGGAGTC-1,-9.471727506197917,12.104467429447958
CGCCAAGGTAGGCTGA-1,22.60704993827202,-3.9363221368665156
CGCGGTAGTAGCACGA-1,-6.645215171782101,-9.74709035600983
CGCGGTATCACCACCT-1,0.3957464652186575,8.093055279408437
CGCGTTTTCAAGGTAA-1,-9.254857431116003,-18.15821246412478
CGCGTTTTCCTGCCAT-1,26.129776351775877,0.6180190084797158
CGCGTTTTCTCGAGTA-1,-16.53475687250334,16.78301805169879
CGCTATCAGAAGGCCT-1,3.665529834781398,20.576936899857078
CGCTATCCAGTCACTA-1,-13.799409803538552,13.870821642939148
CGCTGGAAGGATGCGT-1,3.901515607961195,13.677416223873042
CGCTGGAAGGGAACGG-1,-15.25598254780987,16.886753297721754
CGCTGGAGTAATAGCA-1,0.042277568127239734,-23.988498401161216
CGCTGGAGTCCCGACA-1,-9.004918327655956,-19.141195856925258
CGCTTCACAAGCTGGA-1,8.013917231527035,13.265783273127639
CGCTTCACAAGTAATG-1,-0.34333516210518,18.05978821208176
CGCTTCAGTAATCGTC-1,5.93046659309462,11.214655713084593
CGCTTCATCAGAGCTT-1,-2.93296291853724,-9.849986377012996
CGGACACCACGCGAAA-1,28.478514089076914,-4.41965908194899
CGGACACTCTCGCATC-1,-16.367200964664608,20.25190575095229
CGGACTGAGAAAGTGG-1,25.967653146817486,-1.738674242685862
CGGACTGAGCTCAACT-1,1.9183024970611426,1.2747405500527083
CGGACTGGTACGACCC-1,-9.935891948588607,4.699208006702003
CGGACTGGTGATGCCC-1,-3.4833308527357616,16.71425497862628
CGGAGCTAGCACCGCT-1,-18.656776323992133,17.905361305921268
CGGAGCTAGCTCCTCT-1,-14.420287938445977,-2.428364448475871
CGGAGCTGTCGGCTCA-1,-13.470155698981003,16.275614419076817
CGGAGCTGTCTTCTCG-1,1.2161986241729705,-25.673813236517788
CGGAGCTGTGCAGTAG-1,-9.812393455941976,-18.951849802717064
CGGAGTCAGTTTCCTT-1,-10.349686951886822,-1.9178866985947158
CGGCTAGGTCTAAAGA-1,-7.82024641348281,-10.497191927529244
CGGCTAGGTGATAAGT-1,-0.7678132307615774,5.3707104841743165
CGGCTAGTCACCCGAG-1,0.937780866055618,6.876990096995404
CGGGTCACAACCGCCA-1,1.23698940238488,0.5753865851333385
CGGGTCACAAGCTGGA-1,-5.377975440179376,17.52954143597634
CGGGTCACACCCATTC-1,-15.497745611588023,15.796797511927407
CGGGTCACAGCCTTGG-1,8.841693731556722,1.445537724118109
CGGGTCATCTGCGGCA-1,-4.459792628334341,-20.635445455609297
CGGTTAAAGCAGATCG-1,5.377477393308955,21.034963992983975
CGGTTAACAAGACGTG-1,26.00714183600753,-1.3871609072764717
CGGTTAAGTTCGTTGA-1,-5.924699183736115,0.9989709129677161
CGGTTAATCAGCCTAA-1,8.144767229604717,11.864226706142377
CGTAGCGAGAGTACCG-1,-7.568093002203724,12.230218088907614
CGTAGCGCAACTTGAC-1,2.4637835396115,-37.88814719488791
CGTAGGCAGGGCACTA-1,-8.386898990028383,22.907816076101
CGTAGGCCACAAGCCC-1,-13.264917957877213,14.089704741723864
CGTAGGCTCACGATGT-1,8.211898370688386,7.853314057407688
CGTCACTCAGATCCAT-1,3.9730358727736763,15.054526013686315
CGTCAGGAGTAGGCCA-1,-5.725663391660031,-15.52949018522038
CGTCAGGGTGAGCGAT-1,-11.323935698684913,25.792868822172778
CGTCAGGGTGGTTTCA-1,5.519155772722071,1.8846868713091929
CGTCCATAGTGCGTGA-1,-11.2057827468933,19.287338669503644
CGTCCATCATGGAATA-1,-16.43768947685322,18.474730879539926
CGTCCATGTAAGAGGA-1,-1.4801253902300464,-24.6660747723958
CGTCCATTCGGAGGTA-1,7.04726674216785,19.60989857529872
CGTGAGCAGACACTAA-1,-6.7413956560471116,17.838885771998648
CGTGAGCGTGGCTCCA-1,-10.18157189052536,-14.347860380103844
CGTGTAATCAATCTCT-1,-8.898754481427188,-21.560539375879618
CGTGTCTGTCACTTCC-1,2.2492725617240996,22.85431309370932
CGTGTCTGTGATGCCC-1,26.750820714162625,-3.1489350160060123
CGTGTCTGTTCACCTC-1,-15.166340623574373,14.682648632092537
CGTGTCTTCATCGCTC-1,27.249358032499202,-5.068076738370161
CGTGTCTTCTAACCGA-1,-11.205893078511668,21.938570169965644
CGTTAGAGTCAGGACA-1,-0.7653955478324004,-36.27628868337548
CGTTAGATCCACGTGG-1,-1.2523683759316522,-34.062028302663144
CGTTCTGAGGCAAAGA-1,-11.687451095223087,-10.07185309030479
CGTTCTGAGGCATGTG-1,-11.503903443175755,15.88809228389387
CGTTCTGCAGCTCGAC-1,11.130267368310664,18.598010990842162
CGTTCTGTCTACCAGA-1,-2.4119281705386406,18.191940446839517
CGTTGGGAGAGTCTGG-1,-5.584791034451752,9.224691572600742
CGTTGGGGTCTCTTTA-1,6.793934037121246,5.250773165474949
CTAACTTAGCGATGAC-1,-1.8988111359463735,-23.358898646363134
CTAACTTAGGTGACCA-1,25.657252046540897,-3.2249667965231374
CTAACTTGTCAGAGGT-1,4.002295649377162,20.058516111096523
CTAATGGAGAAGGGTA-1,-8.60551224165672,9.189516095268687
CTAATGGAGATGTCGG-1,-4.583391398708383,-21.18876111735013
CTAATGGTCTGCGTAA-1,10.237554714349018,-2.187766027450619
CTACACCGTCAACTGT-1,11.030896444291741,1.1609296441015924
CTACATTCAAAGTCAA-1,0.15623719631355634,-4.615827470223978
CTACCCACACCTGGTG-1,0.8387131843968642,-35.801408296750544
CTACCCAGTAGCGTGA-1,-8.967597136938721,8.107848163113522
CTACCCAGTTTGACAC-1,26.606444787591848,-5.456322916399868
CTACGTCGTCTCTCTG-1,0.5450522157556448,-20.584882135630288
CTAGAGTGTACGACCC-1,-13.88332444843497,15.409582260386125
CTAGCCTCAAATCCGT-1,-5.286713102307193,-16.897321108397705
CTAGCCTGTAGAGGAA-1,-17.112970158721648,15.63961879785704
CTAGTGATCGGCCGAT-1,-0.7850314903898912,7.850941651047608
CTAGTGATCTCTGTCG-1,2.3326088073358076,-36.826335966672694
CTCACACCAATGTAAG-1,12.266309175055891,4.779826013023618
CTCACACCAGCTCGCA-1,8.678314701846475,4.118962581733985
CTCATTACACCGGAAA-1,-1.747921995860562,18.252169292915806
CTCATTAGTAACGCGA-1,-7.593496381103468,23.05095528381592
CTCCTAGAGTATTGGA-1,3.198884638315452,-6.77803692915285
CTCCTAGTCGGCATCG-1,-3.075727238431356,-21.54955992888434
CTCGAAAAGTTTAGGA-1,9.234198287541115,8.34457442603449
CTCGAAAGTATGAATG-1,-11.289051037609724,7.983591566745998
CTCGAGGGTACAGCAG-1,-6.898593868319155,-18.094407257912746
CTCGGAGAGCTAGTTC-1,-17.069679839806216,18.710300267893874
CTCGGGAAGCCCGAAA-1,26.984815428228462,-4.736861199681425
CTCGGGACACGGCTAC-1,3.5425465535061456,17.661146188125837
CTCGGGACATATGCTG-1,2.650448260075504,21.810514317529307
CTCGGGAGTGCCTGCA-1,-10.909450565857986,25.71507366281363
CTCGGGAGTGTCTGAT-1,-8.440970286822662,16.887582194026194
CTCGTACCATTGCGGC-1,-6.713382870065991,6.425454863018562
CTCGTCATCATACGGT-1,1.7754848418837086,-37.22816691307626
CTCTAATAGACCTAGG-1,0.43985054096436677,-34.22726678040112
CTCTAATCAGGGTTAG-1,5.53161575530595,9.850317140943632
CTCTACGCACCAACCG-1,-4.290131425605373,-6.846901186197787
CTCTGGTGTCATGCAT-1,2.4312399128510633,-1.9754402058184095
CTCTGGTTCTGCTTGC-1,10.828690930925344,-1.1745020831364674
CTGAAGTGTGCCTGGT-1,-8.993633666437757,13.582082820444693
CTGAAGTGTTGTTTGG-1,26.74445027668179,-7.386554164831206
CTGAAGTTCACCACCT-1,14.986493777991209,7.930971239805914
CTGAAGTTCTACCAGA-1,-6.882950171709743,18.17720594588353
CTGATAGGTTCGTTGA-1,3.433116274381297,-2.366144716373466
CTGATCCCACAGCGTC-1,-2.7363922978614754,-36.9941612824252
CTGATCCCACCCTATC-1,-11.43172974760572,10.500264939568902
CTGATCCCACGAAAGC-1,3.1554979547862554,2.3263582340372335
CTGATCCCACTGTTAG-1,-5.79920655166999,-18.025965028000304
CTGATCCCATCCGTGG-1,7.873910184075324,12.275861690701753
CTGATCCTCTTTAGTC-1,-5.982918897070392,9.949773137197187
CTGCCTAAGTCATCCA-1,-10.906340787636505,-2.1386432482409012
CTGCGGAAGCGTAATA-1,3.4900772315241126,-35.03672019758527
CTGCGGAAGTTCCACA-1,-7.071033008928624,-13.969405683764554
CTGCGGACAGTGACAG-1,-0.1880794361857587,-35.92008002471436
CTGCGGAGTTCCTCCA-1,-3.232553736523369,-36.27758962501856
CTGCTGTGTATTCGTG-1,15.54750713668226,7.430439960018948
CTGCTGTGTCCAACTA-1,10.739816575407962,1.1211435971288128
CTGCTGTTCAAGATCC-1,9.104114054093992,3.738705600666333
CTGCTGTTCGTATCAG-1,0.6868983743232475,-21.336890428678686
CTGCTGTTCTGAGTGT-1,1.7185060724260053,15.579580751299522
CTGGTCTAGCTTCGCG-1,13.249773647719095,3.6302788588285355
CTGTGCTAGCGCCTTG-1,2.969782240941724,6.019164105818258
CTGTGCTGTAGCGTGA-1,-2.2124239256176956,-0.1531644022215345
CTGTGCTGTGCACTTA-1,13.893263406725643,5.652668767916404
CTGTTTAAGGGATCTG-1,-13.576480076759806,-13.140989591244363
CTTAACTCAATGGATA-1,-0.22303898385261053,-22.611775614796787
CTTACCGGTCAGCTAT-1,6.7371054110430615,3.9365392621164315
CTTAGGACATAGGATA-1,4.498201665740156,22.113809793709283
CTTAGGATCATCACCC-1,10.755646996959358,21.00457791915188
CTTAGGATCCATGAGT-1,-1.881054080860838,21.086425947240624
CTTCTCTGTTTGGCGC-1,-9.523864707400497,-3.254069966580546
CTTGGCTTCGCCAAAT-1,9.317593172635984,0.39466007270272657
CTTTGCGCACTGTGTA-1,6.478994245283595,0.6971003678886677
CTTTGCGTCGGATGTT-1,-6.500482728764273,6.3231509976161835
GAAACTCAGCTCCTCT-1,7.594874636385011,3.742035729067346
GAAACTCGTACCATCA-1,-5.537307642358167,-20.4443601043955
GAAACTCTCACCCTCA-1,-12.044568071627356,23.870047709462327
GAAATGAAGAATTCCC-1,-2.5917006130344484,6.385632147818843
GAAATGAAGAGACTTA-1,-7.4342006215888485,-20.38635599112504
GAAATGATCGGAGGTA-1,-9.51537560202523,15.04197223114244
GAACATCGTGCCTGTG-1,-0.9233459444426289,-36.83553219442309
GAACATCTCCGTTGCT-1,6.266606832434041,-2.3733295243951837
GAACCTAGTAGCGTCC-1,-5.775527630142733,-12.504440282883246
GAACCTATCAAAGACA-1,-2.965417670460256,-12.16250881192281
GAACGGAAGCACGCCT-1,-9.855301539556415,-18.112314180915313
GAAGCAGCAAGCCATT-1,3.503619058452107,5.688294188587577
GAAGCAGGTAAATACG-1,-7.7637365910716,-21.347797998716608
GAAGCAGGTCAAAGCG-1,-3.983334896759299,20.402803476343127
GAAGCAGTCCGATATG-1,-0.32507438890194745,5.381772530288504
GAATAAGAGAATAGGG-1,-16.784586911017872,17.760055252730123
GAATGAATCAATAAGG-1,-9.756890127653868,18.814966538065203
GACACGCAGCCACCTG-1,-2.994125710542352,-33.40871309699439
GACACGCGTCCAAGTT-1,2.5613060951060853,19.08307442938197
GACACGCGTTTAGGAA-1,-1.2878384640037617,-35.653712595154914
GACAGAGCATCCGCGA-1,-2.602690363289625,-24.71909977844532
GACAGAGGTGCGGTAA-1,-7.478944018511728,4.949742619443355
GACCTGGCAATTGCTG-1,5.862073921630788,2.5866596866907585
GACGCGTAGCCAACAG-1,-4.7838862721458115,-33.95266675898272
GACGCGTTCACGCGGT-1,22.569736054289958,-4.524005426210787
GACGGCTCAAAGCGGT-1,-5.596263641703047,10.889784903851389
GACGGCTGTTGATTCG-1,-2.8783371677052765,15.11802951375521
GACGGCTTCCTGCTTG-1,-8.669684429399515,-16.63515569787075
GACGTGCGTAAACGCG-1,-9.771736997099994,23.13447315080201
GACGTGCGTCACCTAA-1,-13.309996945954104,6.921159582789891
GACGTTAAGGCTCTTA-1,5.406718589120347,7.842450960698652
GACGTTAAGGTGTGGT-1,-11.545077269044084,1.6558002035756532
GACGTTAAGTGTTGAA-1,-9.640508539727051,-0.7996325024012169
GACGTTACAGTCTTCC-1,-6.928918266810606,3.7740776359465302
GACGTTAGTACCAGTT-1,-6.165219209165645,1.2358389617407888
GACGTTAGTTGTGGCC-1,-5.589404803603801,9.208191663997141
GACGTTATCTCCCTGA-1,1.8059661411605679,8.258596825005922
GACTAACAGCGCTTAT-1,-3.014007343057131,2.7493800246037177
GACTACATCACCTTAT-1,12.790881826295903,10.602939447286651
GACTGCGGTGAGGCTA-1,29.00678702371732,-3.823951251100903
GACTGCGTCTGCTGCT-1,-7.192094950607474,4.750953374779937
GAGCAGAGTTCCTCCA-1,-10.59737164822618,10.746516931959054
GAGGTGAAGCGTTGCC-1,-5.942535602768536,-9.652806640718905
GAGGTGAGTTATCACG-1,-13.178258062583804,-12.536228929752934
GAGTCCGAGGACGAAA-1,-4.4151105155899995,-0.8623895333283431
GAGTCCGTCGCCTGTT-1,6.14807404413008,16.412063316450034
GATCAGTAGACTGTAA-1,0.9626571615083775,4.40587977487784
GATCAGTGTAAGTGTA-1,-6.453099715298297,19.316461967440226
GATCAGTGTATTACCG-1,1.2018278875641109,5.076249475455161
GATCAGTTCATCACCC-1,24.156022625413332,0.5002260189235764
GATCGATAGAATTGTG-1,-0.3552284672325633,6.351955473795868
GATCGATAGACCGGAT-1,-5.641997128812846,8.709196590970903
GATCGATAGACTTTCG-1,-5.9667720683151435,12.72325917350879
GATCGATTCTTGGGTA-1,-3.9757518746643243,19.31803558529222
GATCGCGGTCATTAGC-1,-11.145572953135932,16.22598925487371
GATCGCGGTCTCCACT-1,13.748337131576257,-7.1605046376392565
GATCGTAAGCTACCTA-1,-6.9764145020983745,-22.474487519259664
GATCGTAAGGGCTTCC-1,-2.726912252346742,-36.23619293577443
GATCGTATCCAGAGGA-1,-11.082911354872202,-13.581565554056247
GATCTAGGTACTTCTT-1,8.435736079819032,17.344420989714273
GATCTAGGTGTTGGGA-1,1.220046564535973,20.07845354441164
GATGAAAGTTCGCGAC-1,-10.686677090109429,7.156162523046561
GATGCTAAGCCAGAAC-1,14.457885942360335,-7.490192082206117
GATGCTAAGCTACCTA-1,13.026619214526528,6.231650649514264
GATGCTAGTGAACCTT-1,-2.2859221818090516,-14.743018838169178
GATGCTATCTGGCGAC-1,-0.23207383739531667,5.874225424140173
GCAAACTGTAAGTGGC-1,-7.62629331739589,-16.919422064631178
GCAAACTGTTCCGGCA-1,-3.69024224536562,-22.902165606188216
GCAATCAAGCCACTAT-1,4.811988302334522,13.943930658835269
GCAATCAGTCGACTGC-1,-9.726587358324007,-14.577107590595093
GCAATCATCTGCTGCT-1,5.552608588466884,1.4266118275067206
GCACATACATCAGTAC-1,13.669062811523485,6.167670738104647
GCACATATCAGCATGT-1,-7.624312087257155,-7.9529639087634365
GCACTCTAGACGCAAC-1,7.2356614090111036,6.330075971959329
GCACTCTCACAACGCC-1,4.5570193918414725,-27.36461155651708
GCACTCTGTCCAACTA-1,6.240495166774836,18.94857177912274
GCAGCCACAATGACCT-1,11.603257566639707,10.142261866840412
GCAGCCAGTTCAGCGC-1,-1.1358575604986685,21.09926391574128
GCAGTTAAGCTCTCGG-1,-0.2803644993045483,-36.756267743722965
GCAGTTAGTCTCTCGT-1,-0.0038313896400408855,-24.512926975022523
GCATACAAGGGTATCG-1,27.092959136960904,-6.562235220899169
GCATACAGTTCGGGCT-1,-12.332808260682757,-10.114509727306707
GCATGATCATCAGTCA-1,-2.305944656423924,-17.357297746190987
GCATGATGTGCCTGTG-1,6.8616996245685815,14.766527899591992
GCATGATTCTCATTCA-1,14.478927954106206,8.248746182747778
GCATGCGAGCCCGAAA-1,-11.977797801046224,22.98015040167093
GCATGCGCATACTCTT-1,-0.8557874160223634,-0.7217318172804001
GCATGCGCATGACGGA-1,-8.941534055169228,23.16977037027557
GCCAAATCAAACCTAC-1,8.039923531005963,21.225526804409366
GCCAAATGTACACCGC-1,3.274950946947913,16.49407225265554
GCCAAATGTGTTAAGA-1,-3.727039661384101,-0.6115609750171174
GCCTCTACAGACACTT-1,14.689547411226227,10.432241159249932
GCCTCTACATCACGTA-1,26.600910625994185,-2.46360160711505
GCGACCATCTCCTATA-1,-1.253998283643408,20.4086465705931
GCGAGAAAGGTGTTAA-1,3.0345959733010344,11.4525460866966
GCGAGAAAGTTAGGTA-1,-8.872727535614276,-7.059277233178835
GCGAGAACAAACCTAC-1,8.872465561541082,-0.8677792444259798
GCGAGAACAGGGTACA-1,8.52174943088361,13.273641058719296
GCGCAACAGGTGTGGT-1,-6.575852473014199,-2.1722597702025457
GCGCAACTCCGCATCT-1,1.5456787509673446,-16.54294643218501
GCGCAACTCTTTCCTC-1,2.5412897259930722,-37.98996431527449
GCGCCAAAGTATCGAA-1,-8.28968933923213,-2.4986653935681087
GCGCCAACATACAGCT-1,4.558620582074777,-27.363649784874006
GCGCCAATCTGCGTAA-1,11.817195975484385,9.971790094870842
GCGCGATGTCTAGCCG-1,-12.006167443514386,14.360694434727053
GCGCGATGTGTTAAGA-1,-2.403255064944776,-34.65986191083236
GCGGGTTGTACAGTTC-1,-7.73537560694586,-16.07584609448472
GCTCCTAAGACTAAGT-1,0.7475523847691703,-3.0830156624959177
GCTCCTAGTCGGCACT-1,3.455746870245547,7.923524549322602
GCTCCTATCGGTTCGG-1,3.8308459220332804,13.651868201719003
GCTCCTATCTCGTATT-1,-5.312575306878255,-17.150299790812547
GCTCTGTAGAACAACT-1,-5.464144298383108,0.5596599505831138
GCTCTGTTCACCCGAG-1,0.9341118003957637,-24.42436853964346
GCTGCAGAGCACCGCT-1,5.959349337661325,-2.397043374198277
GCTGCAGCATCGATGT-1,-5.946052003298752,-14.960951310882173
GCTGCAGGTCATGCAT-1,-2.2365034241920347,-23.903273744369976
GCTGCAGGTTCGCTAA-1,24.85620766989532,-0.5437707717121114
GCTGCAGTCGACGGAA-1,2.2015384644968696,1.696641756289576
GCTGCGAAGACAGAGA-1,-8.99491085767941,-14.434729010051981
GCTGCGACATTGGCGC-1,-3.9661269890249224,17.81124792496917
GCTGCGATCAAGCCTA-1,-0.5342673665416703,-5.22586709140175
GCTGCTTCACGTAAGG-1,2.3177353809504013,-17.85659343131415
GCTGCTTCAGACAAGC-1,-8.653408722005638,-2.979010999493584
GCTGCTTGTGCATCTA-1,3.699008550537853,-8.530812691886426
GCTGCTTTCCTGTAGA-1,1.7291656331804466,-1.4117519215246044
GCTGCTTTCTACCAGA-1,3.058322741072613,-22.431417211803762
GCTGGGTCAACGATGG-1,3.3250231229487985,-23.336597978857288
GCTGGGTCAGACACTT-1,3.0070374017135038,-22.006517322900425
GCTTCCAAGGTAGCTG-1,8.520704348358104,-1.0659835377480429
GCTTCCACAACGCACC-1,6.622016571039503,2.8764976590243143
GCTTCCACAATGGAAT-1,-1.4503757071928853,-8.085221756412242
GCTTCCACAGGGAGAG-1,8.148821986054031,0.16086059149382276
GCTTCCACATTTGCTT-1,25.0818200240054,0.9156219313049161
GCTTCCAGTAATCACC-1,11.300913544914348,17.023332865645404
GCTTCCAGTGAAAGAG-1,-8.552188803033749,6.756496260097635
GCTTCCAGTTAAAGAC-1,-2.8844494760016004,-22.425731102476
GCTTGAAAGACGCACA-1,-6.137926308207478,1.7004434863247153
GCTTGAACACCAGGCT-1,0.46272459668864463,14.292471405863626
GCTTGAACAGGGTACA-1,-1.22113130380163,16.183605926343436
GCTTGAATCTCGAGTA-1,-4.792610568625237,10.371426275022307
GGAAAGCAGAGAACAG-1,4.978252465861987,20.311470715157853
GGAAAGCAGTTAAGTG-1,-1.8713570445554824,-31.912710713251883
GGAAAGCCAATAACGA-1,-4.56281744840649,18.25146402057019
GGAACTTGTAGCTCCG-1,-8.853129425161269,19.289997387700154
GGAACTTGTATATCCG-1,-6.023071744927347,21.126728018161526
GGAACTTTCGTCCAGG-1,-3.8599946330167136,-12.932667934553647
GGAATAACATGCAACT-1,6.043285113910797,16.850068329827245
GGAATAATCAACACGT-1,4.516762634851866,-9.288219899736626
GGACAAGCATGGTCTA-1,-5.720205957195042,19.320266635265806
GGACAAGTCCACTCCA-1,-4.309132596470647,-36.193078743012265
GGACAGAAGCAATATG-1,3.2515611205311816,-4.563609446718149
GGACAGACAGTATCTG-1,-6.164137474042439,0.7784731763104169
GGACAGAGTCGGCACT-1,-18.806421885581226,18.286852820040952
GGACAGAGTTACAGAA-1,3.5360611130532207,15.724721751433297
GGACATTCAACTGGCC-1,1.2836594122069602,23.902165432944702
GGACATTTCACATACG-1,2.1729031362934723,-15.135039175358328
GGACATTTCGTAGATC-1,-5.599115197735382,-11.013555162281905
GGACGTCAGCACACAG-1,22.451058740369167,1.662562138729239
GGACGTCGTTATCACG-1,-5.665945687532091,12.091945489275817
GGATGTTAGGGTTCCC-1,-8.6246759174217,9.187456315477268
GGATGTTAGTAGGTGC-1,-0.9023355218385158,-35.54920641372421
GGATGTTCATGTCTCC-1,-5.432195739355033,3.938427876407389
GGATTACCATCAGTCA-1,2.058671178556765,14.185945535314959
GGATTACTCTGTCTCG-1,3.0126537389174475,-38.602887684494256
GGCAATTAGGAGTAGA-1,6.928035924272631,1.3082493664351353
GGCCGATCAGGCTCAC-1,-1.047826264927156,-0.31341060379351726
GGCCGATGTGTAAGTA-1,3.1515177175558193,16.74841584651288
GGCGACTAGAGGTACC-1,6.126023203401472,14.387572537549099
GGCGACTCACTGAAGG-1,-18.344189319638044,-2.8175229857789423
GGCGACTGTTATCGGT-1,8.424264352624334,2.5567271650560475
GGCGTGTCAACTGCGC-1,-17.96410641328789,16.026529115304648
GGCGTGTGTACAGACG-1,-16.658867942488275,14.331952754712745
GGCTCGAAGCCAGTAG-1,0.3884991649462121,13.791364170654377
GGCTCGAGTTCCCTTG-1,-13.857283846885178,16.453055875556615
GGCTCGATCCCGACTT-1,-17.53443038944759,16.673553440889325
GGGAATGAGGAGTACC-1,24.39986705439874,-1.9552032769746226
GGGAATGCAGTTCCCT-1,-0.05090657545472101,19.171888507937837
GGGAATGGTCTGGTCG-1,25.23420813730401,-5.27117591560121
GGGAATGGTGGCTCCA-1,-11.773896409955338,18.467293020059085
GGGACCTAGAAGGTGA-1,5.8176516364632915,16.052853842638168
GGGACCTCAAACTGCT-1,26.260612707081577,-3.5371586984852192
GGGACCTTCGTAGGAG-1,1.2937739571452973,-5.1250387499594545
GGGACCTTCTGCGGCA-1,26.837051019848108,0.0380778134634647
GGGAGATAGGACAGAA-1,-4.667483247846415,-14.433013253018375
GGGAGATTCGGCCGAT-1,-4.790325238486828,5.576739773959093
GGGATGAAGCTGTCTA-1,-10.366074966818152,9.325373381698727
GGGCACTTCTGGCGAC-1,0.172078148058506,8.88381787256914
GGGCATCTCAGCATGT-1,-2.31141276262437,-2.9322136929909814
GGGTCTGAGGGCTCTC-1,0.8747240151935373,-20.641532606844823
GGGTCTGGTCACAAGG-1,26.314852551843728,0.474228437747877
GGGTTGCAGATGTTAG-1,-1.4346381216246984,-8.003528901802031
GGGTTGCAGTAGATGT-1,-3.7791391205812186,-16.069471062536987
GGGTTGCAGTCCCACG-1,-10.517833229129248,-12.84542619884565
GGTGAAGAGAGAGCTC-1,3.431820463674378,-23.057116437737005
GGTGAAGGTTACGGAG-1,-6.790301293344716,-1.277382345800392
GGTGAAGTCCTTTCGG-1,3.011414164340233,5.872777265929933
GGTGTTAAGCGATGAC-1,1.266818571846776,-22.27529451990309
GTAACGTCAAAGTCAA-1,-2.808612116468402,-35.73213437846143
GTAACGTCAACTGCTA-1,9.55388934391589,1.1259823540805571
GTAACTGGTAAGGGCT-1,-6.0417565257746215,-12.680467926094
GTAACTGTCTGTACGA-1,3.663997184730242,-21.584709378365545
GTACTCCGTAGCTTGT-1,8.329671643441756,2.343976998161377
GTACTCCGTCAGAGGT-1,24.657864100908796,-3.1725111032808213
GTACTTTTCGGCGCAT-1,-0.9435011188146558,-22.07516424181725
GTAGGCCTCAGAGCTT-1,-6.909549933819288,9.484497337100251
GTAGTCAGTCAGAATA-1,-5.240514221227894,-19.758849742068705
GTAGTCATCACTCCTG-1,1.44042567011713,-5.207042385606232
GTATCTTAGTTGTAGA-1,-4.508720220000202,-22.970229178656
GTATCTTCATCGATGT-1,8.692321412986958,15.297399634511317
GTATCTTGTTCGTCTC-1,-2.6666119948900557,-9.516730989605144
GTATCTTTCTACTTAC-1,5.751375500102508,2.907825282640844
GTATTCTAGATGCGAC-1,-18.342684249901016,-2.8279713319273894
GTATTCTGTAAGAGAG-1,-10.615567408221784,22.364863641440127
GTATTCTGTTTAGCTG-1,3.4421052659657776,-3.01787505993071
GTCACAAAGTGGAGAA-1,3.697233855736325,13.3965086734785
GTCACAACAACACCTA-1,-1.7405276957128712,-22.83912781070348
GTCACGGCACGAAGCA-1,-2.4911377995670243,12.151085939126109
GTCACGGTCTGTCTCG-1,4.35591711585212,-37.66058314266124
GTCATTTTCATGCAAC-1,-4.256975845890191,-10.146684840198864
GTCCTCACACAACGCC-1,10.547402174317774,11.80068650683688
GTCCTCACACCCATTC-1,-16.91425728332615,16.92398555898468
GTCCTCATCATGTGGT-1,5.484739008943227,6.131353718431311
GTCGTAACAGGTTTCA-1,6.487424965725944,22.70159417745352
GTCGTAAGTGCCTGCA-1,-17.480330380720556,17.54789362918919
GTCGTAAGTTCTGAAC-1,16.913097821861864,6.368507328988871
GTCTTCGAGAACAACT-1,5.4461483858392326,20.33788976644527
GTGAAGGAGTGACATA-1,-14.458722654070653,18.677458622603133
GTGAAGGCAATCACAC-1,-2.0105716940072913,12.281867408055668
GTGAAGGCACGGTAAG-1,23.612163168833884,0.08860874309910015
GTGAAGGTCATCACCC-1,8.40679077168792,-1.4529685682972433
GTGCAGCCAGCCTGTG-1,-1.3047045279346952,-0.07598206085138448
GTGCAGCGTGAGGGTT-1,-6.186179988938223,-11.94330186857412
GTGCATAAGACCACGA-1,0.058640195160594294,8.856106282511114
GTGCATAAGCCAGAAC-1,5.376570330297813,4.863953904080459
GTGCATAAGTACACCT-1,-0.8945716346841872,20.326400146455338
GTGCATACAAGGTTTC-1,11.169592409640533,2.563415543418459
GTGCATAGTCAGAGGT-1,-0.629748932599984,3.371470950260145
GTGCATAGTGATGCCC-1,-15.531211685409879,20.746780436914747
GTGCATATCGGACAAG-1,-5.6402412480682695,7.276755480732355
GTGCGGTCACTTAAGC-1,2.206946697112281,17.878997238469104
GTGCGGTCATAGAAAC-1,2.0787813501244456,-9.855724049323316
GTGCTTCAGGAACTGC-1,12.454720762306028,5.829808038693077
GTGCTTCGTCAACATC-1,2.0192420143379772,-19.264716277727242
GTGTGCGTCCCTTGCA-1,-11.628211800839585,-1.5211101206818531
GTGTTAGAGACTAGAT-1,-2.662686564100874,14.133657422020985
GTGTTAGAGTAGGTGC-1,-0.5999096682413165,13.637148536137662
GTGTTAGGTCTCTTAT-1,2.850408549956213,6.5795501981614635
GTGTTAGTCGAATCCA-1,-6.0453241366831305,21.30419075455392
GTTAAGCGTGAACCTT-1,-11.332916218651269,10.687622467939823
GTTAAGCTCAACGGCC-1,27.2290145775028,-0.991186917415845
GTTACAGCAGTTTACG-1,-5.4280294311395965,17.923224637226056
GTTACAGTCCACTCCA-1,-9.391444433739537,16.607895070030036
GTTCGGGCATCCGTGG-1,-0.43795576866862923,-36.07233201045947
GTTCGGGTCGTCTGCT-1,-10.36164229679618,-1.9778780265786469
GTTCTCGAGGACAGCT-1,-5.350324070956149,-20.468170563072846
GTTCTCGAGGCCGAAT-1,27.182800378591196,-4.666677849296361
GTTTCTACACAGACTT-1,-2.3056381907107855,-14.376965297077353
GTTTCTACAGTATAAG-1,-3.773557100139097,-13.308556565693799
TAAACCGTCGCTTGTC-1,-6.728360646562692,-13.214845659007276
TAAGAGAGTAAGTGGC-1,-5.901023614416949,-19.28606807567293
TAAGAGAGTAATCACC-1,-9.12222479636339,-1.010548233199863
TAAGAGATCCGTAGGC-1,-13.42887312538776,11.79424586848952
TAAGAGATCCTAGAAC-1,25.970668026502338,-1.6626566923877961
TAAGCGTAGACTTTCG-1,-6.601795853192051,8.465750326094902
TAAGCGTAGCTGTTCA-1,-7.188854785664285,22.893004210354366
TAAGCGTAGTTAAGTG-1,-4.203269029477586,-6.968919062442861
TAAGCGTGTCGAGATG-1,-10.081838568947497,14.702982644814277
TAAGTGCAGTGTACGG-1,0.3065001756485361,-0.6690006807953428
TAAGTGCTCAGTCAGT-1,23.982617106480497,-1.7199913898373544
TAAGTGCTCATGTCCC-1,-13.952801757624924,22.10441369352174
TAAGTGCTCTGTCTCG-1,-10.992227954919363,19.255715689449783
TAAGTGCTCTTTAGTC-1,-11.97651744589259,15.417579285308705
TACACGACACACCGAC-1,1.8385122216302388,1.3701305757261002
TACACGATCTACTTAC-1,-2.0959162075258773,-1.708278635054896
TACAGTGAGGAGTTGC-1,-2.313229414118462,-32.87243038884883
TACAGTGCAAGAGTCG-1,25.46154143032383,-5.853934936551558
TACAGTGGTACGACCC-1,-5.731328250149603,11.738776298148599
TACAGTGTCTTTAGTC-1,2.2863059546121693,18.246506195702228
TACCTATCAGCATACT-1,0.9666044394506558,-35.779212232079246
TACCTATCATTCGACA-1,8.827484186120769,11.006402460224962
TACCTATGTTCCACAA-1,-7.58520765792494,6.882173611226691
TACCTATTCGAATGGG-1,-11.522195717246605,9.751080716032847
TACCTTATCCACGTGG-1,-9.93550387826035,2.20648081418408
TACCTTATCGCCCTTA-1,-10.218885551744817,-11.233416447050855
TACGGATAGTCAAGGC-1,20.645522786244296,2.859894570950287
TACGGATCACGTAAGG-1,-3.1162153178192527,-22.52623782457848
TACGGATGTATGGTTC-1,-3.2862789445460363,-21.775862026068186
TACGGATTCGCCAAAT-1,-0.5221192419348991,14.10289547455793
TACGGGCAGTCCATAC-1,-6.881687036398619,7.569716730015426
TACGGGCCAACACCCG-1,-6.593828943605664,-2.386345743372557
TACGGGCCAGATAATG-1,-5.802058107052252,6.039365382384183
TACGGTAAGACAGGCT-1,-9.938699208007007,-18.355193935603886
TACTCGCCACAACGTT-1,3.009257240369906,-36.22771538091615
TACTCGCGTTCTGGTA-1,-18.518455210745095,17.9976602378882
TACTTACAGCGATATA-1,-3.6892542379443647,-1.6349894935276925
TACTTACCATCGTCGG-1,-6.905098012950564,9.528318922809799
TACTTACGTACTTAGC-1,3.0920794438879753,-1.0243942150897083
TACTTGTAGCTGAACG-1,-4.250422322476212,-33.99260553909995
TACTTGTCACATGACT-1,1.5526433577747187,-35.97337762944611
TAGACCATCAATACCG-1,-5.152368111041922,-21.639904498457973
TAGAGCTAGTGGTCCC-1,-14.197512000368912,22.27147057486143
TAGAGCTAGTTAGGTA-1,-12.303558662736306,25.078062657678448
TAGAGCTCACCCATTC-1,25.697115674736914,-6.617542095076115
TAGAGCTGTACGCACC-1,-11.00008894661603,16.12636360419004
TAGAGCTTCCATGAGT-1,-4.418619960924641,-1.985589096033631
TAGAGCTTCGGCATCG-1,-8.626128357070586,5.324921719500311
TAGCCGGAGCCTCGTG-1,-12.692038042423569,16.19045815635082
TAGCCGGAGGTTACCT-1,-11.733380534021853,-2.7084412283620707
TAGCCGGAGTACGTTC-1,-0.232975327599481,19.375941177385844
TAGCCGGCACTTCTGC-1,-1.9276047923383273,-15.462078881031545
TAGCCGGGTAAGTAGT-1,26.93051995183995,-1.885874244897893
TAGCCGGTCTGTCCGT-1,-10.171762466191764,-12.411796566797245
TAGGCATCAAGACACG-1,2.1397095453296004,-7.145969089110408
TAGGCATCACATCCAA-1,-0.15467700772336032,12.413514174207236
TAGGCATTCAACGAAA-1,4.652562509008194,3.069362957532375
TAGTGGTAGAGCTGGT-1,10.177043484397267,12.273672630729966
TAGTGGTCACGACTCG-1,-1.010441381364497,-33.626230527273066
TAGTGGTCAGCCTTGG-1,1.9389475776795877,-9.96393540806789
TAGTGGTCATGTAGTC-1,-3.542334179501519,-36.78341472570076
TAGTTGGAGTACCGGA-1,-1.25854706827749,-2.42299472819867
TAGTTGGCAATAAGCA-1,2.9435943170557315,11.505935084892894
TAGTTGGCACACATGT-1,-2.067583473670854,-19.87782639593081
TAGTTGGTCGGCATCG-1,-5.511466503554082,-14.369110797956049
TATCAGGCAAGGCTCC-1,27.476221965970694,-4.425518124063538
TATCAGGCAGCTCGCA-1,4.34802345626949,6.062984240266566
TATCAGGGTCCAGTGC-1,-11.81091328011009,8.80390131902626
TATCAGGTCCAAACAC-1,-3.7108933295203697,-12.821708100004809
TATCTCACATAGACTC-1,-5.928332180406036,-13.399183376514578
TATCTCATCTCGAGTA-1,27.686184237476777,-5.999895584722289
TATGCCCCAGATCCAT-1,-3.8167634855649015,18.525993271065246
TATGCCCTCGTGGTCG-1,6.593581178510823,16.95350271431762
TATTACCGTTGATTGC-1,1.200363420241284,7.599253649669588
TCAACGAAGACATAAC-1,-5.579295774456549,15.098210889802232
TCAACGAAGGAGTTTA-1,1.0615187203394647,-5.8507730104654465
TCAACGAAGTGGTAAT-1,-9.127892402723242,9.857247842820541
TCAACGACAGACAAGC-1,-7.755354581187555,-10.69949093367184
TCAACGATCCATGCTC-1,-12.474004676091148,9.400622104547734
TCAACGATCTTAACCT-1,-4.552181175342545,10.650971007256365
TCAATCTGTACGCACC-1,11.165194159935902,8.11726708501329
TCACAAGCACAAGACG-1,-8.236499144007077,-8.991892574165318
TCACAAGCACCAACCG-1,0.563902174433289,7.124768206812166
TCACAAGGTGCAACTT-1,21.5986570296254,2.6448608914255343
TCACAAGTCTTCAACT-1,2.9342710262691614,-20.494713387708327
TCACGAACAGACACTT-1,-4.298966249938212,-36.45807132585989
TCACGAAGTAGCGTCC-1,-7.533380248974703,17.129076029139927
TCAGATGAGCCGCCTA-1,3.0047042793424605,-7.854290187950807
TCAGCAAAGTCTCGGC-1,-11.011037197684951,9.31292985371721
TCAGCTCCATGTTCCC-1,-18.663883554580142,17.250529957516566
TCAGGATGTAAGTGGC-1,0.204736196179562,12.161303267780761
TCAGGATTCCGTTGTC-1,3.1952293723615655,-0.22479951028376713
TCAGGTACAGCCAGAA-1,6.596162717177618,21.03739448233347
TCATTACGTCCCTACT-1,-7.7810056271957775,-15.96539926951409
TCATTACGTTGGACCC-1,24.645530219746092,-6.371709431661181
TCATTTGGTGAACCTT-1,-0.7765187016827837,-23.173581491073392
TCATTTGTCCAAAGTC-1,-4.05722482437759,15.905744583790645
TCATTTGTCCCTCTTT-1,-4.1007397449585925,-1.3605243209038749
TCATTTGTCCTTTCGG-1,0.46865971189913375,-21.68012503087889
TCCACACGTTAGATGA-1,3.725840164278936,5.878987753468678
TCCCGATAGCCCAGCT-1,-3.5878485040733312,-4.0048017083040115
TCCCGATCATCCGGGT-1,5.4392189440970915,3.676016854565502
TCCCGATTCCGCTGTT-1,7.854093270315282,21.727373533526812
TCCCGATTCGTTTATC-1,10.240836742213192,14.965684381450723
TCGAGGCAGAGAACAG-1,-11.7429034492513,18.03494012752769
TCGAGGCAGTGGAGAA-1,-6.4764104339751105,-17.88572984337583
TCGAGGCCACCTCGTT-1,1.5631874420579683,16.53633799833612
TCGCGAGCAAGTTAAG-1,-9.273174380016,-9.626319085961176
TCGGGACGTTTGACAC-1,-8.417720490893036,-20.75866142114653
TCGGGACTCCTTAATC-1,7.4387010584937565,13.73658092294018
TCGGTAAAGAGAACAG-1,14.822961925414658,-7.563604088487782
TCGGTAAAGAGCCTAG-1,-2.809122756216607,-22.75708149968207
TCGGTAATCAGCGATT-1,-8.456017241058126,5.448057696856775
TCGTACCGTACCATCA-1,7.168789098543935,15.795523794400212
TCGTACCGTAGAGCTG-1,0.429727969477156,20.29265357885578
TCGTACCGTTCAGTAC-1,-4.959618734759494,-14.43071335525114
TCGTAGACACGGCCAT-1,-8.012316644193893,-17.92030871869851
TCGTAGAGTTGGAGGT-1,-17.560119688014073,18.727030514662218
TCGTAGAGTTTGGGCC-1,-4.72205783949707,-34.78329272857929
TCTATTGGTTCGTCTC-1,-0.49993275033883816,-1.2250492706039744
TCTCTAAAGCGATATA-1,3.8151784402871844,1.3208069168506258
TCTCTAACACCGATAT-1,5.7924292981236505,1.777469731774896
TCTCTAACATCGGGTC-1,1.6934053295180478,-15.558926580412088
TCTCTAAGTCATTAGC-1,0.5163498827940484,-24.761536709086897
TCTCTAATCGATGAGG-1,-14.252564805268063,17.437883517774612
TCTGAGAAGTACATGA-1,8.01719427069463,12.326334278220646
TCTGGAACAAGTAGTA-1,-3.6483132691779834,19.858221843711362
TCTGGAACAATGAATG-1,0.0004331703554686416,10.263271591778906
TCTGGAACAGTTAACC-1,6.0442505281810694,18.45351812282032
TCTGGAAGTTGAGGTG-1,0.6404771955754205,2.189597881642682
TCTTCGGCACAAGACG-1,3.8846034001390937,5.995678882422397
TCTTCGGTCAGCGACC-1,28.32954054337485,-0.1320175048739953
TCTTTCCGTCAAACTC-1,16.417537464225042,6.485145311518177
TGAAAGACAAACGCGA-1,-12.855350536521494,20.628824132822867
TGAAAGATCAGTCAGT-1,9.685323413705493,8.166306812532216
TGAAAGATCGGATGGA-1,-8.2421521508096,-14.115134310757416
TGAAAGATCTCAAACG-1,3.4212992984595156,-36.60708405409811
TGACAACAGGGCTCTC-1,-8.603499670293223,9.457728295249373
TGACAACCACGCGAAA-1,-2.2342239739782848,16.978851360300286
TGACAACCATGACATC-1,-11.199960657214891,22.77201250412833
TGACAACGTAAGAGAG-1,-6.961418255430578,25.55253544121433
TGACAACTCGCCTGAG-1,-9.246727283499226,13.148783151123117
TGACGGCCATAAGACA-1,6.400858642664739,10.748210418258298
TGACGGCGTGAGTATA-1,-11.790318949768686,23.594901954177413
TGACGGCTCAATCTCT-1,-3.3826922706104803,-14.142468396637275
TGACGGCTCAGCACAT-1,-0.768502839769319,-34.941025297026016
TGACTAGAGACCGGAT-1,2.877988971653573,-2.162840482034284
TGACTAGCACGAAACG-1,1.8762734150885645,7.146695001365435
TGAGAGGTCCCATTAT-1,25.67005204482008,-4.927018453750612
TGAGCATAGAGTGACC-1,4.948500679758142,18.694074196547245
TGAGCATCAATGAATG-1,-13.13923702717708,-12.808059879254179
TGAGCATCATACTACG-1,-12.86579973076218,20.60860072959759
TGAGCCGGTACACCGC-1,-12.551678310414768,12.44914334246408
TGAGCCGGTGTTGAGG-1,0.5499274934930728,-35.26371274471502
TGAGGGAAGCTCCTCT-1,-5.733669763469747,15.140195134830037
TGAGGGAGTATAGGGC-1,5.972375777506187,13.249416561411461
TGAGGGATCGTTTGCC-1,-13.33403552590742,1.022527177138152
TGCACCTCAGGCAGTA-1,-1.3646356213008777,-9.68092810843504
TGCACCTGTAGCGTCC-1,25.3091881558372,-4.293810377032452
TGCCAAAGTTCAGCGC-1,-4.676478668946374,-11.392142334444713
TGCCAAATCGCAGGCT-1,-4.0614083742812666,12.503066040036614
TGCCAAATCGTAGATC-1,22.26092729729287,-3.509592624275325
TGCCCATCATACGCTA-1,-5.653011381921049,-11.326364080403128
TGCCCATGTCTGATCA-1,-2.416890076119158,-37.139261408031174
TGCCCTAAGCAGACTG-1,-5.814558519158242,-9.224019779307245
TGCCCTAAGGCGCTCT-1,-3.2256227858333313,-34.92396079131919
TGCCCTACATCCGTGG-1,4.423451642577778,-36.20910241743173
TGCCCTAGTAGCTTGT-1,25.298548635181277,-0.7586311663861398
TGCCCTATCACTTACT-1,7.505545734785654,4.269041203431369
TGCGCAGAGAGCAATT-1,-0.7595757411740746,-18.939947069210906
TGCGCAGCATCTACGA-1,-17.793393242796675,19.711933373911823
TGCGCAGGTCCAGTTA-1,-8.962990475041757,22.455664120412663
TGCGTGGAGCCCAACC-1,-13.2782624749804,12.769462032234406
TGCGTGGAGGATTCGG-1,-7.666488377340653,-20.50467949648398
TGCGTGGCAACTGGCC-1,-11.088047287232966,-2.275350269528465
TGCGTGGCACCTCGTT-1,-6.316455009322792,1.9651905196506425
TGCTACCAGGAGTTGC-1,-1.1999896169305972,-15.901921531398026
TGCTACCCAAGGACTG-1,12.770831647363972,7.155338750110481
TGCTACCTCAGCACAT-1,1.3032003783504311,-16.874941641132253
TGCTACCTCCGATATG-1,-13.226413722644374,4.163449458211616
TGCTGCTCATTCCTCG-1,0.10789205908047739,-4.833027186830405
TGCTGCTGTATGGTTC-1,10.805608560323288,7.034160294841529
TGGACGCCAAGAAGAG-1,-12.016144036440103,14.027860906393187
TGGACGCTCTCACATT-1,5.086453566041591,9.612496036927617
TGGCCAGCAAGGCTCC-1,3.633212164069351,-37.0181028265617
TGGCCAGGTGTCAATC-1,4.678889163187018,18.79782273205173
TGGCGCAAGAGATGAG-1,-1.2476491067992017,-36.3809394105768
TGGCGCACAAACTGTC-1,5.40323846138359,3.2558203863931348
TGGCGCACATACCATG-1,-9.314345943298186,20.181039756689387
TGGCGCAGTGGGTATG-1,-9.295090354949958,11.901813185970854
TGGCTGGCAGCTATTG-1,7.352246443913843,-1.1841883546072907
TGGCTGGGTGACTCAT-1,4.2068516358226296,-36.33334445730475
TGGCTGGTCCTTAATC-1,5.342467869967858,5.294287785315248
TGGGAAGAGGAGTTTA-1,0.21291629633449102,16.99830087237142
TGGGAAGCAGCTGGCT-1,-7.982913096323121,5.325185219247825
TGGGAAGGTTCCACGG-1,-8.235963131456359,4.480857752287129
TGGGAAGTCATTGCCC-1,25.924505645265494,-2.172170398824564
TGGGAAGTCCGAATGT-1,1.8863374498872298,6.37399530998847
TGGTTAGTCAGTGTTG-1,13.315638558967018,6.363222517772469
TGGTTCCAGAGCTTCT-1,-0.2958567041724435,7.824048420439823
TGGTTCCAGTGGTAAT-1,-8.283337822093664,19.514695844905813
TGGTTCCGTAAGAGGA-1,3.6066868141564616,4.604234045229117
TGGTTCCTCTTTAGTC-1,-6.509675506112263,-15.330574786948407
TGTATTCAGACAGAGA-1,-1.8663340237777948,-15.847997232417306
TGTATTCAGGCTACGA-1,-11.003695511095353,-7.324382183769189
TGTATTCCATGTCCTC-1,-13.290434755905888,-9.446364502255154
TGTCCCACAAGGTGTG-1,-3.8387739486742603,17.041246895854737
TGTGGTAAGCAGGTCA-1,-2.2402230415417623,19.082536960262104
TGTGGTAGTCCGACGT-1,-7.040504602704358,12.191991556145947
TGTGGTAGTGCCTGTG-1,-5.8693928520066265,1.0254876219733704
TGTGGTAGTGTTTGGT-1,2.5862523205179557,19.12233573725239
TGTGTTTCAAGGTTCT-1,-5.775589556117297,12.560952760396965
TGTGTTTCATCCCACT-1,-7.701167387775621,23.610358822791632
TGTGTTTTCCTTGACC-1,-12.46190910282546,-0.9586241139239449
TGTGTTTTCTGCTTGC-1,-7.167844112116426,12.368231134774142
TGTTCCGGTGTCAATC-1,-4.712868115584956,-9.672303149898058
TTAACTCGTACCAGTT-1,20.808573664731355,2.8577866056133456
TTAACTCTCCCGACTT-1,7.605531137855679,20.12513887898828
TTAGGACGTATTACCG-1,-0.3001128434356909,7.403342677013188
TTAGGCATCTCCGGTT-1,6.3690993826225375,6.221973182970689
TTATGCTGTTCTGGTA-1,-1.4614024760834252,-3.251129296524277
TTATGCTTCAGCCTAA-1,-9.967092313448946,0.7359059686224844
TTCCCAGAGGGATACC-1,-8.116985235286412,3.722848795088938
TTCCCAGTCCCTAATT-1,9.505969235318195,1.2464526432995975
TTCGAAGGTACGCTGC-1,-4.998291089653469,13.479198598038296
TTCGAAGGTAGTAGTA-1,-8.538733661163763,20.718860930455463
TTCGAAGTCAAACCAC-1,2.9488702818898678,17.771804457458305
TTCGGTCCACATCTTT-1,3.5174762869306124,-34.519772195988885
TTCTACAGTGTTTGGT-1,3.55675153289584,-37.5242346026838
TTCTCAAAGTACGTAA-1,-6.3057673860616665,-11.077457267853628
TTCTCAACAGGCTCAC-1,2.4195561293010623,-16.892155316041976
TTCTCAAGTCCCTACT-1,3.6712930534666834,-38.97910321754678
TTCTCCTAGTCTTGCA-1,0.3668663713870456,24.614507442208573
TTCTCCTGTATTACCG-1,-13.011758587551158,3.7902404310914615
TTCTCCTGTTGTTTGG-1,3.5610047377459413,-5.701373125763126
TTCTCCTTCGTACCGG-1,25.35650341757119,-4.185594420194275
TTCTCCTTCTCCTATA-1,8.655706534242302,2.0673640333367196
TTCTTAGCAAGGGTCA-1,-1.4087567918052801,5.241658099537794
TTCTTAGGTTATCGGT-1,2.149581571184944,13.022489027063148
TTGAACGAGTGGAGAA-1,-8.71332672898221,-11.399818667747814
TTGAACGCACGACGAA-1,-10.202797146449564,18.132653949360144
TTGAACGTCCTATGTT-1,26.033194453506955,-4.932073312511072
TTGACTTCACAACGCC-1,1.1629352407643463,4.934202947034578
TTGACTTTCTATCCTA-1,-0.19769840468209793,-20.24847975113729
TTGCCGTCAGCTCCGA-1,3.036995603607543,3.8976911397129737
TTGCCGTCATGACATC-1,-13.333658480802377,9.667521827426913
TTGCGTCGTTGTCTTT-1,-10.702028571132878,26.1018632660113
TTGCGTCTCAGAGACG-1,-1.084868290985537,-24.448336743462114
TTGCGTCTCGTCTGCT-1,0.5783593024086054,1.9094895477492984
TTGGAACAGAAACGAG-1,-12.591032156563063,10.122318304938457
TTGGAACAGGGCTTCC-1,-2.8205183700533665,17.02564914717814
TTGGAACTCATATCGG-1,2.663011541230382,5.321357933390472
TTGGCAACACATCCGG-1,-2.7413307509853375,13.82432736657948
TTGGCAACAGGGTATG-1,-11.838587024922184,21.40415051282415
TTGGCAATCAACACTG-1,0.17941024686532128,-1.2226249954657742
TTGTAGGAGAGTTGGC-1,-0.6072491565606487,15.677524960918225
TTGTAGGAGGGTATCG-1,-9.727828481905165,12.979875986226725
TTGTAGGGTTGTACAC-1,-7.01322854307144,-12.345215993788642
TTGTAGGTCTCTGAGA-1,-16.55939203869454,14.642441000024283
TTTACTGCAGGGTACA-1,3.9731654309090114,-36.660847874087466
TTTACTGGTATGGTTC-1,5.9321010536699115,-3.8138926436790332
TTTACTGGTGAGGCTA-1,8.22817604896723,1.711606475549406
TTTACTGTCCACGTTC-1,11.23157165179414,8.25737544069713
TTTATGCAGGCCCTCA-1,24.642050615916965,-2.087176064021548
TTTATGCCACCAACCG-1,-8.117802092418936,-9.706135024131365
TTTATGCTCGGCTACG-1,-3.1351291698039185,2.921497763877383
TTTCCTCCATGCCTTC-1,6.900542870904437,13.844098962530264
TTTCCTCCATTTCACT-1,-2.8301263172550604,15.246789233277191
TTTCCTCTCAACGGGA-1,10.26296208432546,14.852445416532099
TTTGCGCAGGATTCGG-1,-5.649067470660057,4.790917575184977
TTTGCGCCAGCCACCA-1,26.42384002856963,-6.415509540010199
TTTGCGCGTAGGGTAC-1,-8.60428708441837,20.662802095177177
TTTGCGCTCCTGTACC-1,1.3100920967455416,5.73290014307145
TTTGGTTCAGCATACT-1,-1.616387764364322,-2.1918532691793833
TTTGGTTCATACTACG-1,8.149775172328576,8.379013079217154
TTTGTCAGTCAGGACA-1,7.299189588101689,11.44671164134813
TTTGTCAGTCTGCAAT-1,8.51695826714962,0.145138401376834
TTTGTCAGTTAAGACA-1,-5.790823111971648,4.180189925315114
TTTGTCATCAGCTTAG-1,7.550909442002558,15.001311400147737
